<?xml version="1.0" encoding="UTF-8" standalone="yes"?>
<addon id="plugin.image.pixabay" name="Pixabay" version="0.1.0"
       provider-name="Bryce Gilhome">
  <requires>
    <import addon="script.module.simplejson" version="2.0.10"/>
    <import addon="xbmc.python" version="2.14.0"/>
  </requires>
  <extension point="xbmc.python.pluginsource" library="default.py">
    <provides>image</provides>
  </extension>
  <extension point="xbmc.python.module" library="resources/lib"/>
  <extension point="xbmc.addon.metadata">
    <platform>all</platform>
    <summary lang="en">View photos from http://pixabay.com.</summary>
    <description lang="en">
      View photos from http://pixabay.com.

      This addon was forked from the 500px plugin by Patrick L Archibald (https://github.com/pla1/plugin.image.500px)
      which was made inactive after the public 500px API was terminated.

      The source for this addon can be viewed at https://github.com/bgilhome/plugin.image.pixabay.
    </description>
    <license>GPL 2.0</license>
    <language>en</language>
    <forum>https://github.com/bgilhome/plugin.image.pixabay/issues</forum>
    <website>https://github.com/bgilhome/plugin.image.pixabay</website>
    <source>https://github.com/bgilhome/plugin.image.pixabay</source>
  </extension>
</addon>
